Workbook

Sheet Rincian (th1)
A1: RINCIAN USULAN RAB | K1: TAHUN I
A3: Judul Riset | D3: : | E3: Data-Centric AI Pipeline untuk Smart Charging Hub Solar Hybrid: Integritas Data, Hybrid Ensemble Forecasting, dan Energy Management System Adaptif
A4: Fokus/Skema | D4: : | E4: RIIM Kompetisi 2026 / Kedaulatan Energi
A5: Ketua Periset | D5: : | E5: Feddy Setio Pribadi, S.T., M.Kom.
A6: Institusi | D6: : | E6: Universitas Negeri Semarang
A7: Mitra | D7: : | E7: PT. Arunika Sains Teknologi
A8: Durasi | D8: : | E8: 2 tahun; setiap periode 12 bulan
A10: No. | D10: Komponen Biaya / Aktivitas | E10: Justifikasi / Indikator Kinerja | F10: Volume | G10: Frekuensi | H10: Harga Satuan (Rp) | I10: Satuan | J10: Jumlah | K10: LPDP | L10: Mitra | M10: HPS / Sumber
A11: I. | B11: BIAYA LANGSUNG
B12: A. | C12: BIAYA LANGSUNG PERSONIL
C13: 1 | D13: Feddy Setio Pribadi, S.T., M.Kom. | E13: Ketua periset; perancang pipeline AI, data integrity, hybrid ensemble, drift detection, CPTS | F13: 1 | G13: 4 | H13: 3600000 | I13: OB | J13: 14400000 | K13: 14400000 | L13: 0 | M13: Satuan biaya RIIM 2026
C14: 2 | D14: Bagaskoro Saputro, S.Si., M.Cs. | E14: Anggota; IoT-edge, backend, MQTT/Modbus bridge, CSMS, dashboard | F14: 1 | G14: 4 | H14: 2400000 | I14: OB | J14: 9600000 | K14: 9600000 | L14: 0 | M14: Satuan biaya RIIM 2026
C15: 3 | D15: Mario Norman Syah, S.Pd., M.Eng. | E15: Anggota; formulasi EMS, CPTS-EMS, digital twin, uji hardware | F15: 1 | G15: 4 | H15: 2400000 | I15: OB | J15: 9600000 | K15: 9600000 | L15: 0 | M15: Satuan biaya RIIM 2026
C16: 4 | D16: Adhe Lingga Dewi, S.Si., M.Si. | E16: Anggota; data quality, kalibrasi sensor, ANN, dataset curation | F16: 1 | G16: 4 | H16: 2400000 | I16: OB | J16: 9600000 | K16: 9600000 | L16: 0 | M16: Satuan biaya RIIM 2026
C17: 5 | D17: Ir. Turnad Lenggo Ginta, S.T., M.T., Ph.D. | E17: Anggota; kebijakan energi, ESG, techno-economic, hilirisasi | F17: 1 | G17: 4 | H17: 2400000 | I17: OB | J17: 9600000 | K17: 9600000 | L17: 0 | M17: Satuan biaya RIIM 2026
B18: Total BLP | J18: 52800000 | K18: 52800000 | L18: 0
B19: B. | C19: BIAYA LANGSUNG NONPERSONIL
B20: B.1 | C20: Indikator 1 | D20: Pengadaan purwarupa dan platform uji smart charging hub | E20: Pembelian komponen utama (PV, BESS, inverter), instrumentasi, dan bahan pendukung purwarupa.
B21: B.1.1 | C21: Bahan Baku Purwarupa
C22: 1 | D22: Panel surya monokristalin 370 Wp | E22: 15 pcs × 370 Wp = 5,55 kWp, untuk sumber energi utama | F22: 15 | G22: 1 | H22: 1350000 | I22: unit | J22: 20250000 | K22: 20250000 | L22: 0 | M22: Spesifikasi teknis; komponen purwarupa
C23: 2 | D23: BESS LiFePO₄ 10 kWh 48V | E23: Penyimpanan energi dengan BMS internal | F23: 1 | G23: 1 | H23: 32000000 | I23: unit | J23: 32000000 | K23: 32000000 | L23: 0 | M23: Spesifikasi teknis; komponen purwarupa
C24: 3 | D24: Hybrid inverter 5 kW on/off-grid | E24: Inverter dua arah dengan MPPT, komunikasi Modbus | F24: 1 | G24: 1 | H24: 14000000 | I24: unit | J24: 14000000 | K24: 14000000 | L24: 0 | M24: Spesifikasi teknis; komponen purwarupa
B25: B.1.2 | C25: 4 | D25: Mounting struktur atap + aksesoris | E25: Rangka panel surya, bracket, stainless steel | F25: 1 | G25: 1 | H25: 5000000 | I25: paket | J25: 5000000 | K25: 5000000 | L25: 0 | M25: Komponen purwarupa
C26: 5 | D26: Kabel PV, konektor MC4, conduit | E26: Kabel DC, AC, grounding untuk interkoneksi sistem | F26: 1 | G26: 1 | H26: 4500000 | I26: lot | J26: 4500000 | K26: 4500000 | L26: 0 | M26: Bahan purwarupa
C27: 2 | D27: Embedded edge controller | E27: Eksekusi lokal EMS, data-quality checking dan fallback | F27: 2 | G27: 1 | H27: 2500000 | I27: unit | J27: =F27*G27*H27 | K27: =J27-L27 | L27: 0 | M27: HPS vendor; aset institusi
C28: 3 | D28: Energy meter tiga fasa | E28: Metering independen daya grid dan charger | F28: 2 | G28: 1 | H28: 2000000 | I28: unit | J28: =F28*G28*H28 | K28: =J28-L28 | L28: 0 | M28: HPS vendor; aset institusi
C29: 4 | D29: DC energy meter | E29: Pengukuran aliran daya sisi DC PV/BESS | F29: 2 | G29: 1 | H29: 1500000 | I29: unit | J29: =F29*G29*H29 | K29: =J29-L29 | L29: 0 | M29: HPS vendor; aset institusi
C30: 5 | D30: Managed industrial Ethernet switch | E30: Segmentasi jaringan perangkat OT/IoT | F30: 1 | G30: 1 | H30: 2500000 | I30: unit | J30: =F30*G30*H30 | K30: =J30-L30 | L30: 0 | M30: HPS vendor; aset institusi
C31: 6 | D31: Industrial 4G router | E31: Konektivitas dan redundansi komunikasi | F31: 1 | G31: 1 | H31: 2000000 | I31: unit | J31: =F31*G31*H31 | K31: =J31-L31 | L31: 0 | M31: HPS vendor; aset institusi
C32: 7 | D32: NAS/edge storage | E32: Penyimpanan telemetri lokal dan backup | F32: 1 | G32: 1 | H32: 3000000 | I32: unit | J32: =F32*G32*H32 | K32: =J32-L32 | L32: 0 | M32: HPS vendor; aset institusi
C33: 8 | D33: Portable irradiance-temperature reference meter | E33: Referensi pengukuran sensor PV dan kalibrasi lapangan | F33: 1 | G33: 1 | H33: 1500000 | I33: unit | J33: =F33*G33*H33 | K33: =J33-L33 | L33: 0 | M33: HPS vendor; aset institusi
C34: Subtotal | J34: 75750000 | K34: 75750000 | L34: 0
B35: B.1.2 | C35: Belanja Modal Instrumentasi
C36: 1 | D36: Industrial IoT gateway | E36: Akuisisi OCPP/Modbus/MQTT, buffering, watchdog | F36: 2 | G36: 1 | H36: 1500000 | I36: unit | J36: 3000000 | K36: 3000000 | L36: 0 | M36: Aset institusi
C37: 2 | D37: Embedded edge controller | E37: Eksekusi inferensi AI, buffering, store-and-forward | F37: 1 | G37: 1 | H37: 5000000 | I37: unit | J37: 5000000 | K37: 5000000 | L37: 0 | M37: Aset institusi
C38: 3 | D38: Energy meter tiga fasa | E38: Metering daya grid, charger, beban | F38: 2 | G38: 1 | H38: 1500000 | I38: unit | J38: 3000000 | K38: 3000000 | L38: 0 | M38: Aset institusi
C39: 4 | D39: Weather station + pyranometer | E39: Sensor iradiasi, suhu, kelembaban | F39: 1 | G39: 1 | H39: 5500000 | I39: unit | J39: 5500000 | K39: 5500000 | L39: 0 | M39: Aset institusi
C40: 5 | D40: Managed switch industri + 4G router | E40: Segmentasi jaringan OT/IoT + konektivitas | F40: 1 | G40: 1 | H40: 4000000 | I40: unit | J40: 4000000 | K40: 4000000 | L40: 0 | M40: Aset institusi
C41: 6 | D41: Edge storage NAS 4TB | E41: Penyimpanan telemetri, log inferensi, backup | F41: 1 | G41: 1 | H41: 4000000 | I41: unit | J41: 4000000 | K41: 4000000 | L41: 0 | M41: Aset institusi
C42: Subtotal | D42: Contactor dan solid-state relay | E42: Switching beban dan load prioritization | F42: 8 | G42: 1 | H42: 500000 | I42: set | J42: 24500000 | K42: 24500000 | L42: 0 | M42: Komponen terintegrasi dalam purwarupa
B43: B.1.3 | C43: Bahan Habis Pakai & Komponen Pendukung | D43: Paket MCB/MCCB/SPD/fuse | E43: Proteksi arus lebih, hubung singkat dan surge | F43: 1 | G43: 1 | H43: 6000000 | I43: paket | J43: =F43*G43*H43 | K43: =J43-L43 | L43: 0 | M43: Bahan prototipe
C44: 1 | D44: Set sensor arus (CT) dan tegangan | E44: Monitoring arus/tegangan PV, BESS, grid, charger | F44: 6 | G44: 1 | H44: 300000 | I44: unit | J44: 1800000 | K44: 1800000 | L44: 0 | M44: Komponen purwarupa
C45: 2 | D45: Sensor temperatur multipoint DS18B20 | E45: Monitoring panel, BESS, enclosure | F45: 8 | G45: 1 | H45: 100000 | I45: unit | J45: 800000 | K45: 800000 | L45: 0 | M45: Komponen purwarupa
C46: 3 | D46: RS485–Ethernet + CAN converter | E46: Integrasi inverter, BMS, meter ke gateway | F46: 4 | G46: 1 | H46: 350000 | I46: unit | J46: 1400000 | K46: 1400000 | L46: 0 | M46: Komponen purwarupa
C47: 4 | D47: MCB, MCCB, SPD, fuse, enclosure IP65 | E47: Proteksi dan panel distribusi daya | F47: 1 | G47: 1 | H47: 5000000 | I47: paket | J47: 5000000 | K47: 5000000 | L47: 0 | M47: Bahan prototipe
C48: 5 | D48: Terminal, cable gland, wiring, PCB, protoboard | E48: Perakitan panel dan node sensor | F48: 1 | G48: 1 | H48: 3500000 | I48: lot | J48: 3500000 | K48: 3500000 | L48: 0 | M48: Bahan prototipe
C49: 6 | D49: ESP32/Arduino sensor node kit | E49: Node akuisisi data tambahan | F49: 4 | G49: 1 | H49: 400000 | I49: set | J49: 1600000 | K49: 1600000 | L49: 0 | M49: Komponen purwarupa
C50: 7 | D50: Industrial data cable + connector | E50: Kabel RS485/CAN/Ethernet | F50: 1 | G50: 1 | H50: 1500000 | I50: lot | J50: 1500000 | K50: 1500000 | L50: 0 | M50: Bahan prototipe
B51: Total Indikator | J51: =J24+J34+J50 | K51: =K24+K34+K50 | L51: =L24+L34+L50
B52: B.2 | C52: Indikator 2 | D52: AI–IoT–EMS, pengujian, KI dan kesiapan pilot | E52: Pengembangan perangkat lunak, validasi, dokumentasi dan persiapan lokasi.
B53: B.2.1 | C53: Jasa Pengembangan Perangkat Lunak
C54: 1 | D54: Pengembangan firmware gateway | E54: OCPP/Modbus/MQTT, buffering, watchdog dan OTA | F54: 1 | G54: 1 | H54: 10000000 | I54: paket | J54: =F54*G54*H54 | K54: =J54-L54 | L54: 0 | M54: HPS jasa teknis
C55: Subtotal | D55: Pengembangan backend, CSMS/CMS dan dashboard | E55: API, database dan dashboard energi/layanan digital | F55: 1 | G55: 1 | H55: 12000000 | I55: paket | J55: 15600000 | K55: 15600000 | L55: 0 | M55: HPS jasa teknis
B56: Total Indikator 1 | C56: 3 | D56: Pengembangan EMS dan model AI v1 | E56: Forecasting, anomaly detection, peak shaving dan fallback | F56: 1 | G56: 1 | H56: 8000000 | I56: paket | J56: 115850000 | K56: 115850000 | L56: 0 | M56: HPS jasa teknis
B57: B.2 | C57: Indikator 2 | D57: Pengembangan pipeline AI, perangkat lunak, pengujian, dan luaran | E57: Pengembangan data integrity layer, hybrid ensemble, CPTS, EMS, dashboard, uji dan dokumentasi. | F57: 1 | G57: 1 | H57: 5000000 | I57: paket | J57: =F57*G57*H57 | K57: =J57-L57 | L57: 0 | M57: HPS layanan
B58: B.2.1 | C58: Jasa Pengembangan Perangkat Lunak | J58: =SUM(J54:J57) | K58: =SUM(K54:K57) | L58: =SUM(L54:L57)
B59: B.2.2 | C59: 1 | D59: Pengembangan data integrity layer | E59: Data quality scoring, anomaly detection, OCPP/Modbus ingestion | F59: 1 | G59: 1 | H59: 8000000 | I59: paket | J59: 8000000 | K59: 8000000 | L59: 0 | M59: HPS jasa teknis
C60: 2 | D60: Pengembangan hybrid ensemble forecasting | E60: LSTM, TCN, LightGBM, bobot adaptif weighted ensemble | F60: 1 | G60: 1 | H60: 9000000 | I60: paket | J60: 9000000 | K60: 9000000 | L60: 0 | M60: HPS jasa teknis
C61: 3 | D61: Pengembangan CPTS dan EMS core | E61: Cyber-physical trust score, rolling horizon MPC, CPTS-aware optimization | F61: 1 | G61: 1 | H61: 9000000 | I61: paket | J61: 9000000 | K61: 9000000 | L61: 0 | M61: HPS jasa teknis
C62: 4 | D62: Pengembangan drift-adaptive retraining | E62: Monitoring drift, trigger retraining, model versioning | F62: 1 | G62: 1 | H62: 7000000 | I62: paket | J62: 7000000 | K62: 7000000 | L62: 0 | M62: HPS jasa teknis
C63: 5 | D63: Pengembangan backend, CSMS, dashboard | E63: API, database, dashboard real-time, visualisasi CPTS+KPI | F63: 1 | G63: 1 | H63: 7000000 | I63: paket | J63: 7000000 | K63: 7000000 | L63: 0 | M63: HPS jasa teknis
C64: 6 | D64: Cloud VPS + object storage (6 bln) | E64: Server, storage, TLS/VPN, RBAC, backup, audit log | F64: 1 | G64: 1 | H64: 5000000 | I64: paket | J64: 5000000 | K64: 5000000 | L64: 0 | M64: HPS layanan cloud
C65: Subtotal | J65: 45000000 | K65: 45000000 | L65: 0
B66: B.2.2 | C66: Pengujian, Lapangan, dan Luaran | J66: =J58+J65 | K66: =K58+K65 | L66: =L58+L65
A67: TOTAL BLNP | C67: 1 | D67: Uji integrasi + injeksi anomali sintetik | E67: Validasi integrity layer: packet loss, drift, offset, outlier | F67: 1 | G67: 1 | H67: 5000000 | I67: paket | J67: 5000000 | K67: 5000000 | L67: 0 | M67: HPS jasa/pengujian
A68: TOTAL I (BIAYA LANGSUNG) | C68: 2 | D68: Uji kinerja forecasting dan drift detection | E68: 14 skenario (D1-D7 + S0-S6), forecast skill, F1 | F68: 1 | G68: 1 | H68: 4500000 | I68: paket | J68: 4500000 | K68: 4500000 | L68: 0 | M68: HPS jasa/pengujian
C69: 3 | D69: Site survey, FGD, koordinasi mitra | E69: Profil beban, survei lokasi, koordinasi mitra Sleman | F69: 1 | G69: 1 | H69: 4000000 | I69: paket | J69: 4000000 | K69: 4000000 | L69: 0 | M69: SBM tahun berjalan
A70: II. | B70: BIAYA TIDAK LANGSUNG | C70: 4 | D70: Penyusunan KI, DMP, ICD, model card | E70: Paten sederhana, data dictionary, SOP, dokumentasi teknis | F70: 1 | G70: 1 | H70: 4500000 | I70: paket | J70: 4500000 | K70: 4500000 | L70: 0 | M70: HPS jasa/DJKI
B71: A. | C71: Subtotal | D71: Review metodologi, progres, DMP dan realisasi anggaran. | J71: 18000000 | K71: 18000000 | L71: 0
B72: Total Indikator 2 | C72: 1 | D72: Honor reviewer internal | E72: Monev tahap I | F72: 2 | G72: 2 | H72: 1000000 | I72: OJ | J72: 63000000 | K72: 63000000 | L72: 0 | M72: SBM/internal
A73: TOTAL BLNP | C73: 2 | D73: Transportasi reviewer | E73: Monev tahap I | F73: 2 | G73: 1 | H73: 500000 | I73: perjalanan | J73: 178850000 | K73: 178850000 | L73: 0 | M73: SBM
A74: TOTAL I (BIAYA LANGSUNG) | C74: 3 | D74: Akomodasi reviewer | E74: Monev tahap I | F74: 1 | G74: 1 | H74: 750000 | I74: malam | J74: 231650000 | K74: 231650000 | L74: 0 | M74: SBM
A75: II. | B75: BIAYA TIDAK LANGSUNG | C75: 4 | D75: Konsumsi rapat monev | E75: Monev tahap I | F75: 10 | G75: 1 | H75: 50000 | I75: orang | J75: =F75*G75*H75 | K75: =J75-L75 | L75: 0 | M75: SBM/internal
B76: A. | C76: Monitoring Internal Tahap I | D76: Review metodologi, progres, DMP dan realisasi anggaran | J76: =SUM(J72:J75) | K76: =SUM(K72:K75) | L76: =SUM(L72:L75)
B77: B. | C77: 1 | D77: Honor reviewer internal | E77: Monev tahap I | F77: 2 | G77: 2 | H77: 1000000 | I77: OJ | J77: 4000000 | K77: 4000000 | L77: 0 | M77: SBM/internal
C78: 2 | D78: Transportasi + akomodasi reviewer | E78: Monev tahap I | F78: 1 | G78: 1 | H78: 1750000 | I78: paket | J78: 1750000 | K78: 1750000 | L78: 0 | M78: SBM
C79: Subtotal | D79: Transportasi reviewer | E79: Evaluasi akhir periode | F79: 2 | G79: 1 | H79: 500000 | I79: perjalanan | J79: 5750000 | K79: 5750000 | L79: 0 | M79: SBM
B80: B. | C80: Evaluasi Internal Akhir Periode | D80: Evaluasi TKT, luaran dan kesiapan periode berikutnya | E80: Evaluasi akhir periode | F80: 1 | G80: 1 | H80: 750000 | I80: malam | J80: =F80*G80*H80 | K80: =J80-L80 | L80: 0 | M80: SBM
C81: 1 | D81: Honor reviewer internal | E81: Evaluasi akhir periode | F81: 2 | G81: 2 | H81: 1000000 | I81: OJ | J81: 4000000 | K81: 4000000 | L81: 0 | M81: SBM/internal
C82: 2 | D82: Transportasi + akomodasi reviewer | E82: Evaluasi akhir periode | F82: 1 | G82: 1 | H82: 1750000 | I82: paket | J82: 1750000 | K82: 1750000 | L82: 0 | M82: SBM
A83: TOTAL II (BTL) | C83: Subtotal | J83: 5750000 | K83: 5750000 | L83: 0
A84: TOTAL II (BTL) | J84: 12500000 | K84: 12500000 | L84: =L68+L83
A85: TOTAL BIAYA (I + II) | J85: 244150000 | K85: 244150000

Sheet Rincian (th2)
A1: RINCIAN USULAN RAB | K1: TAHUN II
A3: Judul Riset | D3: : | E3: Data-Centric AI Pipeline untuk Smart Charging Hub Solar Hybrid: Integritas Data, Hybrid Ensemble Forecasting, dan Energy Management System Adaptif
A4: Fokus/Skema | D4: : | E4: RIIM Kompetisi 2026 / Kedaulatan Energi
A5: Ketua Periset | D5: : | E5: Feddy Setio Pribadi, S.T., M.Kom.
A6: Institusi | D6: : | E6: Universitas Negeri Semarang
A7: Mitra | D7: : | E7: PT. Arunika Sains Teknologi
A8: Durasi | D8: : | E8: 2 tahun; setiap periode 12 bulan
A10: No. | D10: Komponen Biaya / Aktivitas | E10: Justifikasi / Indikator Kinerja | F10: Volume | G10: Frekuensi | H10: Harga Satuan (Rp) | I10: Satuan | J10: Jumlah | K10: LPDP | L10: Mitra | M10: HPS / Sumber
A11: I. | B11: BIAYA LANGSUNG
B12: A. | C12: BIAYA LANGSUNG PERSONIL
C13: 1 | D13: Feddy Setio Pribadi, S.T., M.Kom. | E13: Ketua periset; perancang pipeline AI, data integrity, hybrid ensemble, drift detection, CPTS | F13: 1 | G13: 4 | H13: 3600000 | I13: OB | J13: 14400000 | K13: 14400000 | L13: 0 | M13: Satuan biaya RIIM 2026
C14: 2 | D14: Bagaskoro Saputro, S.Si., M.Cs. | E14: Anggota; IoT-edge, backend, MQTT/Modbus bridge, CSMS, dashboard | F14: 1 | G14: 4 | H14: 2400000 | I14: OB | J14: 9600000 | K14: 9600000 | L14: 0 | M14: Satuan biaya RIIM 2026
C15: 3 | D15: Mario Norman Syah, S.Pd., M.Eng. | E15: Anggota; formulasi EMS, CPTS-EMS, digital twin, uji hardware | F15: 1 | G15: 4 | H15: 2400000 | I15: OB | J15: 9600000 | K15: 9600000 | L15: 0 | M15: Satuan biaya RIIM 2026
C16: 4 | D16: Adhe Lingga Dewi, S.Si., M.Si. | E16: Anggota; data quality, kalibrasi sensor, ANN, dataset curation | F16: 1 | G16: 4 | H16: 2400000 | I16: OB | J16: 9600000 | K16: 9600000 | L16: 0 | M16: Satuan biaya RIIM 2026
C17: 5 | D17: Ir. Turnad Lenggo Ginta, S.T., M.T., Ph.D. | E17: Anggota; kebijakan energi, ESG, techno-economic, hilirisasi | F17: 1 | G17: 4 | H17: 2400000 | I17: OB | J17: 9600000 | K17: 9600000 | L17: 0 | M17: Satuan biaya RIIM 2026
B18: Total BLP | J18: 52800000 | K18: 52800000 | L18: 0
B19: B. | C19: BIAYA LANGSUNG NONPERSONIL
B20: B.1 | C20: Indikator 1 | D20: Operasi pilot smart charging hub, monitoring, pemeliharaan | E20: Validasi pipeline dalam operasi nyata, monitoring multi-kondisi, pemeliharaan sistem.
B21: B.1.1 | C21: Bahan Operasional & Pemeliharaan
C22: 1 | D22: Bahan operasional pilot (12 bln) | E22: Kabel, konektor, ATK, label, dokumentasi | F22: 1 | G22: 1 | H22: 6000000 | I22: paket | J22: 6000000 | K22: 6000000 | L22: 0 | M22: Bahan habis pakai
C23: 2 | D23: Suku cadang dan spare part | E23: Fuse, MCB, relay, fan, kabel cadangan | F23: 1 | G23: 1 | H23: 8000000 | I23: paket | J23: 8000000 | K23: 8000000 | L23: 0 | M23: Bahan habis pakai
C24: 3 | D24: Sensor dan node IoT pengganti | E24: Penggantian sensor drift/rusak, node tambahan | F24: 1 | G24: 1 | H24: 5000000 | I24: paket | J24: 5000000 | K24: 5000000 | L24: 0 | M24: Bahan habis pakai
B25: B.1.2 | C25: 4 | D25: Kalibrasi sensor dan alat ukur | E25: Kalibrasi ulang sensor, meter, pyranometer | F25: 1 | G25: 1 | H25: 5000000 | I25: paket | J25: 5000000 | K25: 5000000 | L25: 0 | M25: HPS jasa kalibrasi
C26: 5 | D26: Sewa alat uji power quality & battery analyzer | E26: Pengukuran power quality, SOC/SOH, efisiensi | F26: 1 | G26: 1 | H26: 8000000 | I26: paket | J26: 8000000 | K26: 8000000 | L26: 0 | M26: HPS laboratorium
C27: 6 | D27: Preventive maintenance sistem (2×) | E27: Inspeksi, cleaning, torque check, health check | F27: 2 | G27: 1 | H27: 4000000 | I27: kali | J27: 8000000 | K27: 8000000 | L27: 0 | M27: HPS jasa teknis
C28: Subtotal | D28: Reference energy meter | E28: Validasi efisiensi dan audit energi lapangan | F28: 1 | G28: 1 | H28: 5000000 | I28: unit | J28: 40000000 | K28: 40000000 | L28: 0 | M28: HPS vendor; aset institusi
B29: B.1.2 | C29: Cloud & Infrastruktur | D29: Redundant industrial IoT gateway | E29: Failover komunikasi dan store-and-forward | F29: 1 | G29: 1 | H29: 4000000 | I29: unit | J29: =F29*G29*H29 | K29: =J29-L29 | L29: 0 | M29: HPS vendor; aset institusi
C30: 1 | D30: Cloud VPS + object storage (12 bln) | E30: Operasi backend, database, dashboard, backup | F30: 1 | G30: 1 | H30: 15000000 | I30: paket | J30: 15000000 | K30: 15000000 | L30: 0 | M30: HPS layanan cloud
C31: 2 | D31: Domain, SSL, CDN, hosting | E31: Layanan web, dashboard publik | F31: 1 | G31: 1 | H31: 4000000 | I31: paket | J31: 4000000 | K31: 4000000 | L31: 0 | M31: HPS layanan
C32: 3 | D32: MQTT broker + data streaming infra | E32: EMQX/HiveMQ, pipeline data, alerting | F32: 1 | G32: 1 | H32: 5000000 | I32: paket | J32: 5000000 | K32: 5000000 | L32: 0 | M32: HPS layanan cloud
C33: 4 | D33: Konektivitas 4G untuk gateway pilot (12 bln) | E33: Data plan untuk 2 gateway | F33: 2 | G33: 12 | H33: 150000 | I33: bulan | J33: 3600000 | K33: 3600000 | L33: 0 | M33: SBM/HP
B34: B.1.3 | C34: Subtotal | J34: 27600000 | K34: 27600000 | L34: 0
B35: Total Indikator 1 | C35: 1 | D35: DC contactor BESS | E35: Switching charge/discharge dan isolasi baterai | F35: 4 | G35: 1 | H35: 800000 | I35: unit | J35: 67600000 | K35: 67600000 | L35: 0 | M35: Komponen terintegrasi dalam purwarupa
B36: B.2 | C36: Indikator 2 | D36: Diseminasi, publikasi, KI, dan luaran akhir riset | E36: Publikasi jurnal, paten, FGD, pelaporan, dan paket replikasi. | F36: 4 | G36: 1 | H36: 500000 | I36: set | J36: =F36*G36*H36 | K36: =J36-L36 | L36: 0 | M36: Komponen terintegrasi dalam purwarupa
B37: B.2.1 | C37: Diseminasi & Publikasi | D37: DC fuse dan fuse holder | E37: Proteksi arus lebih string/rack baterai | F37: 6 | G37: 1 | H37: 300000 | I37: set | J37: =F37*G37*H37 | K37: =J37-L37 | L37: 0 | M37: Komponen terintegrasi dalam purwarupa
C38: 1 | D38: Biaya publikasi jurnal internasional Q2 | E38: OA fee publikasi hasil riset | F38: 1 | G38: 1 | H38: 12000000 | I38: paket | J38: 12000000 | K38: 12000000 | L38: 0 | M38: HPS jurnal
C39: 2 | D39: Pendaftaran paten sederhana + konsultasi KI | E39: Biaya pendaftaran dan konsultasi | F39: 1 | G39: 1 | H39: 6000000 | I39: paket | J39: 6000000 | K39: 6000000 | L39: 0 | M39: DJKI/HPS
C40: 3 | D40: FGD validasi hasil + diseminasi | E40: Penerimaan pengguna, SOP, transfer pengetahuan | F40: 1 | G40: 1 | H40: 8000000 | I40: paket | J40: 8000000 | K40: 8000000 | L40: 0 | M40: SBM/internal
C41: 4 | D41: Perjalanan monitoring & pengambilan data (6×) | E41: Monitoring pilot Sleman, troubleshooting, evaluasi | F41: 6 | G41: 1 | H41: 3000000 | I41: kali | J41: 18000000 | K41: 18000000 | L41: 0 | M41: SBM tahun berjalan
C42: 5 | D42: Seminar/konferensi nasional | E42: Presentasi hasil riset | F42: 2 | G42: 1 | H42: 5000000 | I42: kali | J42: 10000000 | K42: 10000000 | L42: 0 | M42: SBM
C43: Subtotal | D43: AC/DC cabling | E43: Kabel daya PV–BESS–grid dan charger | F43: 1 | G43: 1 | H43: 6000000 | I43: lot | J43: 54000000 | K43: 54000000 | L43: 0 | M43: Bahan prototipe
B44: B.2.2 | C44: Luaran Akhir & Pelaporan | D44: Terminal, cable gland dan safety label | E44: Perakitan panel dan penandaan keselamatan | F44: 1 | G44: 1 | H44: 3000000 | I44: lot | J44: =F44*G44*H44 | K44: =J44-L44 | L44: 0 | M44: Bahan prototipe
C45: 1 | D45: Data curation, deposit RIN, model card final | E45: Dataset v2, metadata, reproducibility package | F45: 1 | G45: 1 | H45: 7000000 | I45: paket | J45: 7000000 | K45: 7000000 | L45: 0 | M45: HPS jasa data
C46: 2 | D46: Feasibility dan techno-economic brief | E46: Analisis biaya, emisi, ESG, strategi hilirisasi | F46: 1 | G46: 1 | H46: 6000000 | I46: paket | J46: 6000000 | K46: 6000000 | L46: 0 | M46: HPS jasa konsultan
C47: 3 | D47: Laporan akhir + SOP + paket replikasi | E47: Dokumentasi akhir, SOP operasi, panduan replikasi | F47: 1 | G47: 1 | H47: 7000000 | I47: paket | J47: 7000000 | K47: 7000000 | L47: 0 | M47: HPS jasa
C48: 4 | D48: Penetration test + independent security review | E48: Audit keamanan gateway, API, cloud, dashboard | F48: 1 | G48: 1 | H48: 7000000 | I48: paket | J48: 7000000 | K48: 7000000 | L48: 0 | M48: HPS jasa cybersecurity
C49: Subtotal | J49: 27000000 | K49: 27000000 | L49: 0
B50: Total Indikator 2 | J50: 81000000 | K50: 81000000 | L50: 0
A51: TOTAL BLNP | B51: B.2 | C51: Indikator 2 | D51: Pilot, monitoring, keamanan dan luaran akhir | E51: Commissioning, operasi multi-kondisi, analisis dan paket replikasi. | J51: 148600000 | K51: 148600000
A52: TOTAL I (BIAYA LANGSUNG) | B52: B.2.1 | C52: Operasi dan Jasa Pengujian | J52: 201400000 | K52: 201400000
B53: A. | C53: Monitoring Internal | D53: Instalasi, commissioning dan safety verification | E53: Integrasi grid/islanding dan commissioning report | F53: 1 | G53: 1 | H53: 15000000 | I53: paket | J53: =F53*G53*H53 | K53: =J53-L53 | L53: 0 | M53: HPS jasa teknis
C54: 1 | D54: Honor reviewer + transport + akomodasi | E54: Monev tahap II | F54: 1 | G54: 1 | H54: 5750000 | I54: paket | J54: 5750000 | K54: 5750000 | L54: 0 | M54: SBM
C55: Subtotal | D55: Cloud, database, konektivitas dan backup | E55: Operasi CSMS/CMS/EMS selama Tahun II | F55: 1 | G55: 1 | H55: 6000000 | I55: paket | J55: 5750000 | K55: 5750000 | L55: 0 | M55: HPS layanan
C56: 4 | D56: Preventive maintenance | E56: Inspeksi, cleaning, torque check dan health check | F56: 1 | G56: 1 | H56: 5000000 | I56: paket | J56: =F56*G56*H56 | K56: =J56-L56 | L56: 0 | M56: HPS vendor
B57: B. | C57: Evaluasi Akhir | D57: Penetration test dan independent code review | E57: Audit gateway, API, cloud dan dashboard | F57: 1 | G57: 1 | H57: 5700000 | I57: paket | J57: =F57*G57*H57 | K57: =J57-L57 | L57: 0 | M57: HPS jasa cybersecurity
C58: 1 | D58: Honor reviewer + transport + akomodasi | E58: Evaluasi akhir program | F58: 1 | G58: 1 | H58: 5750000 | I58: paket | J58: 5750000 | K58: 5750000 | L58: 0 | M58: SBM
B59: B.2.2 | C59: Subtotal | J59: 5750000 | K59: 5750000 | L59: 0
A60: TOTAL II (BTL) | C60: 1 | D60: Perjalanan commissioning dan monitoring | E60: Pengambilan data, troubleshooting dan evaluasi lokasi | F60: 1 | G60: 1 | H60: 8000000 | I60: paket | J60: 12500000 | K60: 12500000 | L60: 0 | M60: SBM tahun berjalan
A61: TOTAL BIAYA (I + II) | C61: 2 | D61: FGD validasi, SOP dan diseminasi | E61: Penerimaan pengguna dan transfer pengetahuan | F61: 1 | G61: 1 | H61: 4000000 | I61: paket | J61: 213900000 | K61: 213900000 | L61: 0 | M61: SBM/internal
C62: 3 | D62: Penyempurnaan KI | E62: Respons pemeriksaan dan perbaikan dokumen paten | F62: 1 | G62: 1 | H62: 3000000 | I62: paket | J62: =F62*G62*H62 | K62: =J62-L62 | L62: 0 | M62: DJKI/HPS jasa
C63: 4 | D63: Data curation, deposit RIN dan model card | E63: Dataset v2, metadata dan reproducibility package | F63: 1 | G63: 1 | H63: 3000000 | I63: paket | J63: =F63*G63*H63 | K63: =J63-L63 | L63: 0 | M63: HPS jasa data
C64: 5 | D64: Feasibility dan techno-economic brief | E64: Analisis biaya, emisi, ESG dan strategi hilirisasi | F64: 1 | G64: 1 | H64: 2000000 | I64: paket | J64: =F64*G64*H64 | K64: =J64-L64 | L64: 0 | M64: HPS jasa
C65: Subtotal | J65: =SUM(J60:J64) | K65: =SUM(K60:K64) | L65: =SUM(L60:L64)
B66: Total Indikator | J66: =J58+J65 | K66: =K58+K65 | L66: =L58+L65
A67: TOTAL BLNP | J67: =J50+J66 | K67: =K50+K66 | L67: =L50+L66
A68: TOTAL I (BIAYA LANGSUNG) | J68: =J18+J67 | K68: =K18+K67 | L68: =L18+L67
A70: II. | B70: BIAYA TIDAK LANGSUNG
B71: A. | C71: Monitoring Internal Tahap I | D71: Review metodologi, progres, DMP dan realisasi anggaran.
C72: 1 | D72: Honor reviewer internal | E72: Monev tahap I | F72: 2 | G72: 2 | H72: 1000000 | I72: OJ | J72: =F72*G72*H72 | K72: =J72-L72 | L72: 0 | M72: SBM/internal
C73: 2 | D73: Transportasi reviewer | E73: Monev tahap I | F73: 2 | G73: 1 | H73: 500000 | I73: perjalanan | J73: =F73*G73*H73 | K73: =J73-L73 | L73: 0 | M73: SBM
C74: 3 | D74: Akomodasi reviewer | E74: Monev tahap I | F74: 1 | G74: 1 | H74: 750000 | I74: malam | J74: =F74*G74*H74 | K74: =J74-L74 | L74: 0 | M74: SBM
C75: 4 | D75: Konsumsi rapat monev | E75: Monev tahap I | F75: 10 | G75: 1 | H75: 50000 | I75: orang | J75: =F75*G75*H75 | K75: =J75-L75 | L75: 0 | M75: SBM/internal
C76: Subtotal | J76: =SUM(J72:J75) | K76: =SUM(K72:K75) | L76: =SUM(L72:L75)
B77: B. | C77: Evaluasi Internal Akhir Periode | D77: Evaluasi TKT, luaran dan kesiapan periode berikutnya/akhir.
C78: 1 | D78: Honor reviewer internal | E78: Evaluasi akhir periode | F78: 2 | G78: 2 | H78: 1000000 | I78: OJ | J78: =F78*G78*H78 | K78: =J78-L78 | L78: 0 | M78: SBM/internal
C79: 2 | D79: Transportasi reviewer | E79: Evaluasi akhir periode | F79: 2 | G79: 1 | H79: 500000 | I79: perjalanan | J79: =F79*G79*H79 | K79: =J79-L79 | L79: 0 | M79: SBM
C80: 3 | D80: Akomodasi reviewer | E80: Evaluasi akhir periode | F80: 1 | G80: 1 | H80: 750000 | I80: malam | J80: =F80*G80*H80 | K80: =J80-L80 | L80: 0 | M80: SBM
C81: 4 | D81: Konsumsi rapat evaluasi | E81: Evaluasi akhir periode | F81: 10 | G81: 1 | H81: 50000 | I81: orang | J81: =F81*G81*H81 | K81: =J81-L81 | L81: 0 | M81: SBM/internal
C82: Subtotal | J82: =SUM(J78:J81) | K82: =SUM(K78:K81) | L82: =SUM(L78:L81)
A83: TOTAL II (BTL) | J83: =J76+J82 | K83: =K76+K82 | L83: =L76+L82
A84: TOTAL BIAYA (I + II) | J84: =J68+J83 | K84: =K68+K83 | L84: =L68+L83

Sheet Rincian (th3)
A1: RINCIAN USULAN RAB – TAHUN III TIDAK DIUSULKAN
A3: Kegiatan diusulkan selama dua tahun. Nilai Tahun III adalah Rp0.

Sheet Rekap
A1: REKAP USULAN RAB RIIM KOMPETISI 2026
A3: Judul | C3: Pengembangan Smart Charging Hub Solar Hybrid PV–BESS–Grid Berbasis AI dan IoT-Edge dengan EMS Adaptif, Mode Islanding, dan Layanan Digital
A4: Ketua | C4: Prof. Dr. Subiyanto, S.T., M.T.
A5: Institusi | C5: Universitas Negeri Semarang
A6: Mitra | C6: PT. Arunika Sains Teknologi
A7: Tim | C7: 1 ketua + 4 anggota; honorarium 4 bulan per tahun
A10: No. | B10: Komponen | C10: Tahun I | D10: % | E10: Tahun II | F10: % | G10: Total 2 Tahun | H10: Catatan
A11: 1 | B11: Biaya Langsung Personil | C11: ='Rincian (th1)'!J18 | D11: =C11/C$14 | E11: ='Rincian (th2)'!J18 | F11: =E11/E$14 | G11: =C11+E11 | H11: Honor penuh 4 bulan untuk 1 ketua + 4 anggota
A12: 2 | B12: Biaya Langsung Nonpersonil | C12: ='Rincian (th1)'!J67 | D12: =C12/C$14 | E12: ='Rincian (th2)'!J67 | F12: =E12/E$14 | G12: =C12+E12 | H12: Barang fisik diperinci; belanja modal tetap ≤10% per tahun
A13: 3 | B13: Biaya Tidak Langsung | C13: ='Rincian (th1)'!J83 | D13: =C13/C$14 | E13: ='Rincian (th2)'!J83 | F13: =E13/E$14 | G13: =C13+E13 | H13: Khusus monitoring dan evaluasi internal
B14: TOTAL | C14: ='Rincian (th1)'!J84 | D14: 1 | E14: ='Rincian (th2)'!J84 | F14: 1 | G14: =C14+E14

Sheet Daftar Barang Dibeli
A1: DAFTAR BARANG DAN KOMPONEN FISIK YANG DIBELI
A3: No. | B3: Tahun | C3: Klasifikasi | D3: Barang/Komponen | E3: Qty | F3: Satuan | G3: Harga Satuan | H3: Total | I3: Penggunaan | J3: Pencatatan
A4: 1 | B4: Tahun I | C4: Belanja modal | D4: Industrial IoT gateway | E4: 2 | F4: unit | G4: 2000000 | H4: 4000000 | I4: Akuisisi OCPP/Modbus/MQTT, buffering dan watchdog | J4: Dicatat sebagai aset institusi
A5: 2 | B5: Tahun I | C5: Belanja modal | D5: Embedded edge controller | E5: 2 | F5: unit | G5: 2500000 | H5: 5000000 | I5: Eksekusi lokal EMS, data-quality checking dan fallback | J5: Dicatat sebagai aset institusi
A6: 3 | B6: Tahun I | C6: Belanja modal | D6: Energy meter tiga fasa | E6: 2 | F6: unit | G6: 2000000 | H6: 4000000 | I6: Metering independen daya grid dan charger | J6: Dicatat sebagai aset institusi
A7: 4 | B7: Tahun I | C7: Belanja modal | D7: DC energy meter | E7: 2 | F7: unit | G7: 1500000 | H7: 3000000 | I7: Pengukuran aliran daya sisi DC PV/BESS | J7: Dicatat sebagai aset institusi
A8: 5 | B8: Tahun I | C8: Belanja modal | D8: Managed industrial Ethernet switch | E8: 1 | F8: unit | G8: 2500000 | H8: 2500000 | I8: Segmentasi jaringan perangkat OT/IoT | J8: Dicatat sebagai aset institusi
A9: 6 | B9: Tahun I | C9: Belanja modal | D9: Industrial 4G router | E9: 1 | F9: unit | G9: 2000000 | H9: 2000000 | I9: Konektivitas dan redundansi komunikasi | J9: Dicatat sebagai aset institusi
A10: 7 | B10: Tahun I | C10: Belanja modal | D10: NAS/edge storage | E10: 1 | F10: unit | G10: 3000000 | H10: 3000000 | I10: Penyimpanan telemetri lokal dan backup | J10: Dicatat sebagai aset institusi
A11: 8 | B11: Tahun I | C11: Belanja modal | D11: Portable irradiance-temperature reference meter | E11: 1 | F11: unit | G11: 1500000 | H11: 1500000 | I11: Referensi pengukuran sensor PV dan kalibrasi lapangan | J11: Dicatat sebagai aset institusi
A12: 9 | B12: Tahun I | C12: Bahan/komponen purwarupa | D12: Set smart socket controller | E12: 8 | F12: set | G12: 600000 | H12: 4800000 | I12: ESP32/MCU, relay, CT dan konektor untuk 8 titik mikromobilitas | J12: Terintegrasi/terpakai dalam purwarupa; sesuai kebijakan institusi
A13: 10 | B13: Tahun I | C13: Bahan/komponen purwarupa | D13: Current transformer sensor | E13: 12 | F13: unit | G13: 200000 | H13: 2400000 | I13: Akuisisi arus pada charger, display dan auxiliary load | J13: Terintegrasi/terpakai dalam purwarupa; sesuai kebijakan institusi
A14: 11 | B14: Tahun I | C14: Bahan/komponen purwarupa | D14: Voltage transducer terisolasi | E14: 6 | F14: unit | G14: 250000 | H14: 1500000 | I14: Pengukuran tegangan AC/DC dengan isolasi | J14: Terintegrasi/terpakai dalam purwarupa; sesuai kebijakan institusi
A15: 12 | B15: Tahun I | C15: Bahan/komponen purwarupa | D15: Sensor temperatur multipoint | E15: 12 | F15: unit | G15: 100000 | H15: 1200000 | I15: Monitoring temperatur panel, charger dan enclosure | J15: Terintegrasi/terpakai dalam purwarupa; sesuai kebijakan institusi
... A46: 43 | B46: Tahun II | C46: Bahan/komponen purwarupa | D46: Mounting bracket dan komponen enclosure | E46: 1 | F46: lot | G46: 1000000 | H46: 1000000 | I46: Penguatan perakitan panel dan sensor | J46: Terintegrasi/terpakai dalam purwarupa; sesuai kebijakan institusi
B48: RINGKASAN
B49: Tahun | C49: Jumlah Baris Barang | D49: Belanja Modal | E49: Komponen Purwarupa
B50: Tahun I | C50: 22 | D50: 25000000 | E50: 40000000
B51: Tahun II | C51: 21 | D51: 25000000 | E51: 40000000
B52: Total | C52: 43 | D52: 50000000 | E52: 80000000

Sheet Tim Periset
A1: TIM PERISET RIIM KOMPETISI 2026
A3: Posisi | B3: Nama | C3: Institusi | D3: Kepakaran | E3: Peran
A4: Ketua | B4: Prof. Dr. Subiyanto, S.T., M.T. | C4: Universitas Negeri Semarang | D4: Intelligent control, power electronics, AI | E4: Ketua; novelty, integrasi sistem, scientific governance
A5: Anggota 1 | B5: Bagaskoro Saputro, S.Si., M.Cs. | C5: BINUS University | D5: IoT-edge, backend, cybersecurity | E5: Gateway, CSMS/CMS, dashboard, interoperabilitas, keamanan
A6: Anggota 2 | B6: Mario Norman Syah, S.Pd., M.Eng. | C6: Universitas Negeri Semarang | D6: PV–BESS, power electronics, EMS | E6: Sizing PV–BESS, integrasi perangkat daya, formulasi dan pengujian EMS
A7: Anggota 3 | B7: Adhe Lingga Dewi, S.Si., M.Si. | C7: BINUS University | D7: IoT sensor, ANN/ML, data quality | E7: Kalibrasi, forecasting, anomaly detection, pengelolaan data
A8: Anggota 4 | B8: Ir. Turnad Lenggo Ginta, S.T., M.T., Ph.D. | C8: BRIN | D8: Techno-economic, energy policy, hilirisasi | E8: Analisis biaya-emisi, ESG, kebijakan, hilirisasi

Sheet Catatan
A1: CATATAN DAN VALIDASI RAB
A3: No. | B3: Aspek | C3: Tahun I | D3: Tahun II | E3: Ketentuan/Status | F3: Catatan
A4: 1 | B4: Total pendanaan | C4: 250000000 | D4: 250000000 | E4: Pagu kerja revisi | F4: Total dua tahun Rp500.000.000
A5: 2 | B5: BLP | C5: 52800000 | D5: 52800000 | E5: Maksimum 25% | F5: 1 ketua + 4 anggota, honor 4 bulan penuh
A6: 3 | B6: BLNP | C6: 184700000 | D6: 184700000 | E6: Minimum 70% | F6: 73,88% per tahun
A7: 4 | B7: BTL | C7: 12500000 | D7: 12500000 | E7: Maksimum 5% | F7: Khusus monev internal
A8: 5 | B8: Belanja modal | C8: 25000000 | D8: 25000000 | E8: 10% per tahun | F8: 8 baris Tahun I dan 7 baris Tahun II
A9: 6 | B9: Komponen purwarupa | C9: 40000000 | D9: 40000000 | E9: BLNP | F9: 14 baris komponen fisik pada setiap tahun
A11: ASUMSI DAN VALIDASI SEBELUM SUBMIT
A12: 1 | B12: Klasifikasi belanja modal dan bahan/komponen purwarupa harus dikonfirmasi dengan kebijakan pencatatan aset institusi.
A13: 2 | B13: Charger, display, PV, BESS dan inverter tetap menggunakan perangkat mitra/in-kind/sewa; surat dukungan harus menyebutkan jenis, kapasitas dan lama penggunaan.
A14: 3 | B14: HPS wajib diperbarui dengan minimal dua quotation/vendor serta SBM/SBK tahun berjalan.
A15: 4 | B15: Tidak ada pekerjaan sipil permanen; mounting yang digunakan bersifat modular/nonpermanen dan berasal dari sewa/dukungan mitra.
A16: 5 | B16: Jumlah barang diperbanyak tanpa mengubah total pagu Rp250 juta per tahun dan komposisi BLP–BLNP–BTL.
